ID	DOCULECT	ID_IN_SOURCE	CONCEPT	CONCEPT_FRENCH	VALUE	FORM
411	Jenaama	410	(a) step	(un) pas	táábā	táábā
194	Jenaama	194	(finger/toe-)nail	ongle	kɔ̀bēwⁿ	kɔ̀bēwⁿ
438	Jenaama	437	(man-made) apiary (hollowed out log, in trees)	ruche (en bois creux, dans les arbres)	tūū-bàlà	tūū-bàlà
400	Jenaama	400	(sb’s) character, nature	caractère, nature (de qn)	X bāànā	X
401	Jenaama	400	(sb’s) character, nature	caractère, nature (de qn)	X bāànā	bāànā
91	Jenaama	91	(sb’s) totem, taboo	totem (de qn), tabou (interdiction)	dàgà	dàgà
625	Jenaama	617	1	1	sànnā	sànnā
626	Jenaama	618	1	1	kéẁⁿ	kéẁⁿ
635	Jenaama	627	10	10	cɛ̄ɛ̄m	cɛ̄ɛ̄m
627	Jenaama	619	2	2	pēndē	pēndē
636	Jenaama	628	20	20	tāⁿ-péndē	tāⁿ-péndē
628	Jenaama	620	3	3	sìkèẁⁿ	sìkèẁⁿ
637	Jenaama	629	30	30	tāⁿ-sīgēwⁿ	tāⁿ-sīgēwⁿ
629	Jenaama	621	4	4	nàtàwⁿ	nàtàwⁿ
638	Jenaama	630	40	40	dɛ̀bɛ̀	dɛ̀bɛ̀
630	Jenaama	622	5	5	kɔ̀ɔ̀gɔ̀wⁿ	kɔ̀ɔ̀gɔ̀wⁿ
639	Jenaama	631	50	50	dɛ̀bɛ̀-ȳ-cɛ̄ɛ̄m	dɛ̀bɛ̀-ȳ-cɛ̄ɛ̄m
631	Jenaama	623	6	6	tùùmìⁿ	tùùmìⁿ
640	Jenaama	632	60	60	tààlmá-sìgèwⁿ	tààlmá-sìgèwⁿ
632	Jenaama	624	7	7	yìyènì	yìyènì
641	Jenaama	633	70	70	yōle-y-cɛ̄ɛ̄m	yōle-y-cɛ̄ɛ̄m
633	Jenaama	625	8	8	sɛ̄kī	sɛ̄kī
642	Jenaama	634	80	80	yōlō-cɛ̄ɛ̄ⁿ-māā-kèwⁿ	yōlō-cɛ̄ɛ̄ⁿ-māā-kèwⁿ
634	Jenaama	626	9	9	kàpì	kàpì
643	Jenaama	635	90	90	yōlō	yōlō
297	Jenaama	297	African eggplant	aubergine africaine	jàkāncā	jàkāncā
547	Jenaama	540	African eggplant (ripe, reddish)	aubergine africaine (mûre, rougeâtre)	tìgèndìyàŋ	tìgèndìyàŋ
434	Jenaama	433	Arab (person)	arabe (personne)	lààrābū	lààrābū
222	Jenaama	222	Bozo (fishing people, along river)	bozo (pêcheurs, vers le fleuve)	sórógō (1)	sórógō
405	Jenaama	404	Dogon person (including Bangande)	personne dogon (y compris les bangandé)	káádō	káádō
55	Jenaama	55	Fulbe-style hut	case des peul	tɔ́gɔ̄	tɔ́gɔ̄
138	Jenaama	138	God	Dieu	ālà	ālà
32	Jenaama	32	Nile monitor lizard	varan aquatique	kólō	kólō
42	Jenaama	42	Pullo, Fulbe (ethnicity)	peul	púnɔ̄	púnɔ̄
224	Jenaama	224	Tuareg (person)	touareg (personne)	súlákā	súlákā
647	Jenaama	639	accept, receive, take possession of; take (sth) away (from sb)	accepter, recevoir; retirer (qch, à qn)	jìɲɛ̀	jìɲɛ̀
279	Jenaama	279	afternoon	après-midi	kùgù-bōgū	kùgù-bōgū
489	Jenaama	485	afternoon	après-midi	kùgū-tàànà	kùgū-tàànà
312	Jenaama	312	agama lizard	margouillat	tóndō	tóndō
183	Jenaama	183	amulet	amulette, gri-gri	sébēwⁿ	sébēwⁿ
403	Jenaama	402	animal	animal	dáábā	dáábā
27	Jenaama	27	animal dead but unslaughtered	animal crevé	júbā	júbā
258	Jenaama	258	armpit (where baby is picked up)	aisselle (où on prend un bébé)	kɛ̄lɛ̄mù	kɛ̄lɛ̄mù
648	Jenaama	640	arrive	arriver	kìyɛ̀wⁿ	kìyɛ̀wⁿ
63	Jenaama	63	arrow	flèche	gɛ̀jɛ́	gɛ̀jɛ́
64	Jenaama	64	arrow	flèche	gɛ̀sɛ́	gɛ̀sɛ́
44	Jenaama	44	ashes	cendre	síbō	síbō
649	Jenaama	641	ask	demander, interroger	à-tīyē	à-tīyē
131	Jenaama	131	aunt	tante	tɔ̀lɔ̀	tɔ̀lɔ̀
128	Jenaama	128	ax	hache	tìyòⁿ	tìyòⁿ
243	Jenaama	243	baboon	babouin	kùwɔ̀-pīⁿ	kùwɔ̀-pīⁿ
611	Jenaama	603	bad; ugly	mauvais; vilain	ɲɔ̄ŋɔ̄ (1)	ɲɔ̄ŋɔ̄
99	Jenaama	99	baobab	baobab	kə̀lə̀	kə̀lə̀
477	Jenaama	474	baobab fruit	fruit du baobab, pain de singe	kə̀lə̀-jīyāwⁿ	kə̀lə̀-jīyāwⁿ
322	Jenaama	322	baobab leaf sauce	sauce baobab	nàm-jī	nàm-jī
478	Jenaama	475	baobab tree	baobab (arbre)	kə̀lə̄-nàwⁿ	kə̀lə̄-nàwⁿ
466	Jenaama	463	baptism	baptême	jɛ̄ⁿ-tìbɛ̀wⁿ	jɛ̄ⁿ-tìbɛ̀wⁿ
276	Jenaama	276	bark (of tree)	écorce	jùgù-wógō	jùgù-wógō
650	Jenaama	642	be/do long time	durer, être/faire pendant longtemps	wùw	wùw
343	Jenaama	343	beard	barbe	ʃìmbò-cí	ʃìmbò-cí
491	Jenaama	487	beetle, bug	coléoptère, punaise	kùmbùrù píⁿ	kùmbùrù
492	Jenaama	487	beetle, bug	coléoptère, punaise	kùmbùrù píⁿ	píⁿ
651	Jenaama	643	begin	commencer	ǹsīnì	ǹsīnì
556	Jenaama	549	bell (for donkey etc.)	cloche (pour l'âne etc.)	wōlō-ŋ̄-wōlōⁿ	wōlō-ŋ̄-wōlōⁿ
362	Jenaama	362	belly	ventre	nù	nù
490	Jenaama	486	belt, belt-cord (for pants)	ceinture (de pantalon)	kūlāàⁿ-nùmà	kūlāàⁿ-nùmà
435	Jenaama	434	bicycle	vélo	mɛ̀ɛ̄ⁿ-sìyōⁿ	mɛ̀ɛ̄ⁿ-sìyōⁿ
599	Jenaama	591	big (house, tree, animal)	gros, de grande taille	būrōŋ (1)	būrōŋ
199	Jenaama	199	bird (any)	oiseau (tout)	pùlēwⁿ (1)	pùlēwⁿ
652	Jenaama	644	bite	mordre	ā-tɔ̀wⁿ	ā-tɔ̀wⁿ
605	Jenaama	597	bitter	amer	kāgājī	kāgājī
613	Jenaama	605	black (dark)	noir, foncé	pīⁿ	pīⁿ
519	Jenaama	514	black soap (traditional)	savon noir (traditionnel)	sàmùnàwⁿ pīⁿ	sàmùnàwⁿ
520	Jenaama	514	black soap (traditional)	savon noir (traditionnel)	sàmùnàwⁿ pīⁿ	pīⁿ
14	Jenaama	14	blacksmith	forgeron	kùɥgù	kùɥgù
493	Jenaama	488	blacksmith's tongs	pinces des forgerons	kùɥgè-kámbō	kùɥgè-kámbō
426	Jenaama	425	blanket	couverture (pour dormir)	sāājū	sāājū
423	Jenaama	422	blind person	aveugle	pùùgù	pùùgù
368	Jenaama	368	blood	sang	dē	dē
375	Jenaama	375	boat (skiff)	pirogue	kūⁿ	kūⁿ
366	Jenaama	366	body	corps	tùⁿ	tùⁿ
34	Jenaama	34	bone	os	kúwⁿɔ̄ (1)	kúwⁿɔ̄
372	Jenaama	372	borassus palm	palmier rônier	jō	jō
562	Jenaama	555	borassus palm	palmier rônier	yíyē	yíyē
96	Jenaama	96	boubou (garment)	boubou (vêtement)	jùgù	jùgù
460	Jenaama	457	bow (for arrow)	arc	gɛ̀jɛ̄-kìyɛ̀	gɛ̀jɛ̄-kìyɛ̀
653	Jenaama	645	bring	amener	à-bīyɛ̀n	à-bīyɛ̀n
527	Jenaama	521	brittle rock (easily broken)	pierre cassante	sɔ̀ɔ̄ⁿ-sèlē	sɔ̀ɔ̄ⁿ-sèlē
232	Jenaama	232	broom	balai	sāⁿgòlō	sāⁿgòlō
408	Jenaama	407	broom	balai	sáálō	sáálō
535	Jenaama	529	brown crocodile	crocodile rouge	sùŋɔ̀ⁿ tɔ̄mɔ̄	sùŋɔ̀ⁿ
536	Jenaama	529	brown crocodile	crocodile rouge	sùŋɔ̀ⁿ tɔ̄mɔ̄	tɔ̄mɔ̄
654	Jenaama	646	build	construire	à-kēbē	à-kēbē
221	Jenaama	221	bunch for sale (e.g. of peanuts, pieces of meat)	petit tas (d'arachides, de morceaux de viande etc.)	ságánī	ságánī
409	Jenaama	408	bunch for sale (e.g. of peanuts, pieces of meat)	petit tas (d'arachides, de morceaux de viande etc.)	sáánī	sáánī
443	Jenaama	442	bundle of millet spikes	fagot d'épis de mil	bànàŋkɔ̀lù	bànàŋkɔ̀lù
296	Jenaama	296	burrgrass (Cenchrus biflorus)	cram-cram (poacée, Cenchrus biflorus)	dèrēndē	dèrēndē
233	Jenaama	233	buttock	fesse	bùkúrú	bùkúrú
655	Jenaama	647	buy	acheter	ā-sàwⁿ	ā-sàwⁿ
415	Jenaama	414	calabash	calebasse	kàànū	kàànū
220	Jenaama	220	calabash cover	couverture de calebasse	ɲárágō	ɲárágō
656	Jenaama	648	call	appeler	à-kē	à-kē
231	Jenaama	231	camel	chameau	ɲūwɔ̀mɔ̄	ɲūwɔ̀mɔ̄
486	Jenaama	482	carp	carpe	kɔ̀ɔ̀rnɔ̀	kɔ̀ɔ̀rnɔ̀
557	Jenaama	550	cart	charrette	wòtōrōⁿ	wòtōrōⁿ
292	Jenaama	292	cassava	manioc	bànàⁿku᷆ⁿ	bànàⁿku᷆ⁿ
249	Jenaama	249	cat	chat	yòrōgō	yòrōgō
657	Jenaama	649	catch	attraper	à-kūⁿ	à-kūⁿ
33	Jenaama	33	caterpillar, larva, grub	chenille, larve	kúlū	kúlū
483	Jenaama	479	cattle egret	garde-bœufs (aigrette)	kɔ̄ɔ̄nākūwōⁿ	kɔ̄ɔ̄nākūwōⁿ
318	Jenaama	318	cave	grotte	pàmbá	pàmbá
506	Jenaama	501	chameleon	caméléon	ɲòȳⁿ-ɲòȳⁿ	ɲòȳⁿ-ɲòȳⁿ
440	Jenaama	439	charcoal	charbon	kòòmbò	kòòmbò
193	Jenaama	193	cheek	joue	dùwōⁿ	dùwōⁿ
72	Jenaama	72	chicken	poulet	sàbá	sàbá
207	Jenaama	207	chief	chef	ŋìyɛ̀wⁿ (2)	ŋìyɛ̀wⁿ
245	Jenaama	245	child beggar	enfant mendiant	gàrībū	gàrībū
25	Jenaama	25	child, baby	enfant, bébé	jénā	jénā
327	Jenaama	327	chili pepper	piment	dàndì	dàndì
46	Jenaama	46	circular heap of bundles of  harvested rice spikes near the field	tas en forme de cercle de fagots d'épis de  riz près du champ	súgūⁿ	súgūⁿ
484	Jenaama	480	circumcised boy	garçon circoncis	kɔ̀ɔ̀ⁿjɛ́wⁿ (1)	kɔ̀ɔ̀ⁿjɛ́wⁿ
588	Jenaama	580	clean	propre	kɔ̄ɔ̄-nā (1)	kɔ̄ɔ̄-nā
589	Jenaama	581	clear (water), clear (field)	(eau) claire, (champ) propre (sans arbustes)	kɔ̄ɔ̄-nā (1)	kɔ̄ɔ̄-nā
40	Jenaama	40	cloud	nuage	pórō	pórō
210	Jenaama	210	co-wife	co-épouse	tɛ̀bɛ̀wⁿ	tɛ̀bɛ̀wⁿ
594	Jenaama	586	coarse, rough (texture), scaly (skin, bark)	rugueux, écailleux	ɲíɲī	ɲíɲī
476	Jenaama	473	cob, maize grain spike	épi de maïs	kèndē-bòndò	kèndē-bòndò
360	Jenaama	360	cold (n)	(le) froid	mù	mù
620	Jenaama	612	cold, cool	frois, frais	mūwā-nā (1)	mūwā-nā
658	Jenaama	650	come	venir	bē	bē
395	Jenaama	395	confidence, trust	confiance	hɔ̄ɔ̄là	hɔ̄ɔ̄là
234	Jenaama	234	conical hat	chapeau conique	kìtɔ́mɔ́	kìtɔ́mɔ́
18	Jenaama	18	cooking pot (modern)	marmite (moderne)	bārmā	bārmā
352	Jenaama	352	cotton	coton	dé	dé
308	Jenaama	308	country, land	terre, pays	gándā	gándā
139	Jenaama	139	courage, energy	courage	hūyà	hūyà
309	Jenaama	309	courtyard	cour	gómbō	gómbō
560	Jenaama	553	courtyard	cour	yàmbāā-nìŋi᷆	yàmbāā-nìŋi᷆
561	Jenaama	554	courtyard	cour	yàmbāà-pārā	yàmbāà-pārā
361	Jenaama	361	cow	vache	nà	nà
247	Jenaama	247	cowpea (Vigna unguiculata)	haricot (Vigna unguiculata)	sàbūlā	sàbūlā
203	Jenaama	203	cowry	cauri	gīlàwⁿ	gīlàwⁿ
255	Jenaama	255	cream of millet (without milk)	crème de mil (sans lait)	dāgānà	dāgānà
29	Jenaama	29	cream of millet with milk	crème de mil avecdu  lait	kégū	kégū
50	Jenaama	50	credit, loan	prêt, crédit	támū	támū
76	Jenaama	76	crocodile	crocodile	sùŋɔ́	sùŋɔ́
659	Jenaama	651	cultivate, farm (a field)	cultiver	ā-sɔ̀gɔ̀	ā-sɔ̀gɔ̀
79	Jenaama	79	currency unit (equals 5 FCFA)	unité monétaire (équivalent à 5 francs CFA)	dārì	dārì
80	Jenaama	80	currency unit (equals 5 FCFA)	unité monétaire (équivalent à 5 francs CFA)	dāsì	dāsì
548	Jenaama	541	cut (n), wound (n)	plaie, blessure	tìgɛ̀lɛ̀wⁿ	tìgɛ̀lɛ̀wⁿ
326	Jenaama	326	daba (hoe)	daba, houe	dàmbà	dàmbà
660	Jenaama	652	dance	danser	mɔ̀nɔ̀mì	mɔ̀nɔ̀mì
260	Jenaama	260	dance (n)	danse	mānāmì (2)	mānāmì
261	Jenaama	261	dance (n)	danse	mɔ̄nɔ̄mì (1)	mɔ̄nɔ̄mì
262	Jenaama	262	dance (n)	danse	mɔ̄nɔ̄mì (2)	mɔ̄nɔ̄mì
533	Jenaama	528	dark crocodile	crocodile noir	sùŋɔ̀ⁿ pīⁿ	sùŋɔ̀ⁿ
534	Jenaama	528	dark crocodile	crocodile noir	sùŋɔ̀ⁿ pīⁿ	pīⁿ
166	Jenaama	166	day (unit of time)	jour (unité de temps)	sɔ̄gɔ̄	sɔ̄gɔ̄
169	Jenaama	169	day (unit of time)	jour (unité de temps)	sūwɔ̄	sūwɔ̄
184	Jenaama	184	day (unit of time)	jour (unité de temps)	tálāwⁿ	tálāwⁿ
103	Jenaama	103	daytime	journée	kùgù	kùgù
584	Jenaama	576	dead	mort	wāā-nā	wāā-nā
143	Jenaama	143	deaf-mute	sourd-muet	bāpū	bāpū
573	Jenaama	565	deep	profond	kūy-gū	kūy-gū
602	Jenaama	594	delicious, sweet	délicieux, doux	dēmō	dēmō
538	Jenaama	531	devil, djinn	djinn, diable	ʃèètāānà	ʃèètāānà
407	Jenaama	406	dew	rosée	púújī	púújī
661	Jenaama	653	die	mourir	wà	wà
576	Jenaama	568	difficult (work); expensive	difficile; cher	dégé-nà	dégé-nà
662	Jenaama	654	dig	creuser	ā-sàgà	ā-sàgà
485	Jenaama	481	digit (finger, toe)	doigt ou orteil	kɔ̀ɔ̀ⁿjɛ́wⁿ (2)	kɔ̀ɔ̀ⁿjɛ́wⁿ
596	Jenaama	588	diluted (milk, with water)	dilué (lait, avec de l'eau)	sébú-sébū	sébú-sébū
582	Jenaama	574	dirty	sale	pìyⁿɛ̀-nà	pìyⁿɛ̀-nà
135	Jenaama	135	disease, illness	maladie	wɔ̀bɔ̀	wɔ̀bɔ̀
601	Jenaama	593	distant, far away	lointain	dāāⁿ	dāāⁿ
663	Jenaama	655	do	faire	à-tīwⁿ	à-tīwⁿ
340	Jenaama	340	dog	chien	kúŋgólō	kúŋgólō
346	Jenaama	346	donkey	âne	ʃēmpùwò	ʃēmpùwò
181	Jenaama	181	door (physical object)	battant de porte	kíbāwⁿ	kíbāwⁿ
223	Jenaama	223	door-lock (with wooden latch)	fermeture de porte (à loquet en bois)	sórógō (2)	sórógō
290	Jenaama	290	doorway	porte (passage)	kūwō-lɔ̄gū	kūwō-lɔ̄gū
317	Jenaama	317	dream (n)	rêve	kèŋgɛ́	kèŋgɛ́
342	Jenaama	342	dream (n)	rêve	kèŋge᷆-gū	kèŋge᷆-gū
664	Jenaama	656	drink	boire	ā-C109āmɛ̀wⁿ	ā-C109āmɛ̀wⁿ
578	Jenaama	570	dry	sec	wúwò-nà (1)	wúwò-nà
341	Jenaama	341	duck	canard	tɔ́ŋkɔ́nɔ̄	tɔ́ŋkɔ́nɔ̄
17	Jenaama	17	dust	poussière	cɔ̄llɔ̀	cɔ̄llɔ̀
551	Jenaama	544	ear	oreille	túwɔ́-lɛ̄wⁿ	túwɔ́-lɛ̄wⁿ
284	Jenaama	284	earthenware pot or waterjar	marmite ou canari en terre cuite	tùwɔ̄-kɔ̀lù	tùwɔ̄-kɔ̀lù
568	Jenaama	560	easy	facile	ɲīyɛ̄-gù	ɲīyɛ̄-gù
665	Jenaama	657	eat (meal)	manger (repas)	à-dīgā	à-dīgā
180	Jenaama	180	egg	œuf	bíyɛ̄wⁿ	bíyɛ̄wⁿ
288	Jenaama	288	elbow	coude	sūgū-bɔ̀lɔ̀	sūgū-bɔ̀lɔ̀
544	Jenaama	537	elder brother	frère aîné, grand frère	tèèⁿ-kɛ̄ɛ̄gū	tèèⁿ-kɛ̄ɛ̄gū
545	Jenaama	538	elder sister	sœur aînée, grande sœur	tèèⁿ-yūgōⁿ	tèèⁿ-yūgōⁿ
550	Jenaama	543	elephant	éléphant	tùwɔ̄-bùlòⁿ	tùwɔ̄-bùlòⁿ
623	Jenaama	615	empty	vide	wōⁿ-wōⁿ	wōⁿ-wōⁿ
384	Jenaama	384	ethnicity	race, ethnie	sī	sī
107	Jenaama	107	excrement	excréments	kùwò	kùwò
179	Jenaama	179	exterior, outside	extérieur, dehors	pārày	pārày
508	Jenaama	503	eye(s)	œil, yeux	ɲūwⁿɔ̄lɛ̄wⁿ	ɲūwⁿɔ̄lɛ̄wⁿ
509	Jenaama	504	eye(s)	œil, yeux	ɲɔ̄gɔ̄lɛ̄wⁿ	ɲɔ̄gɔ̄lɛ̄wⁿ
178	Jenaama	178	face	visage	ɲīŋàwⁿ	ɲīŋàwⁿ
419	Jenaama	418	face	visage	ɲāāɲì	ɲāāɲì
666	Jenaama	658	fall	tomber	sēwⁿ	sēwⁿ
597	Jenaama	589	fast	rapide	bààhúmā	bààhúmā
171	Jenaama	171	fat (n)	graisse	tīyɛ̄ (2)	tīyɛ̄
330	Jenaama	330	fat (n)	graisse	dòndì (2)	dòndì
600	Jenaama	592	fat, corpulent (person)	gros (personne, ventre), en surpoids	būrōŋ (2)	būrōŋ
359	Jenaama	359	father	père	kà	kà
83	Jenaama	83	fatigue	fatigue	bànà	bànà
323	Jenaama	323	fatigue	fatigue	bàndà	bàndà
667	Jenaama	659	fear, be afraid	avoir peur	kwàⁿ	kwàⁿ
152	Jenaama	152	female breast	sein de femme	kānū (1)	kānū
565	Jenaama	557	female breast	sein de femme	yùgòⁿ-kānū	yùgòⁿ-kānū
398	Jenaama	398	fetish, animist idol	fétiche	tōōrù	tōōrù
113	Jenaama	113	fiber (for making rope)	fibres (pour les cordes)	pàrà	pàrà
134	Jenaama	134	field	champ	tùɥè	tùɥè
499	Jenaama	494	fight (n)	lutte	kɛ̄lɛ̄	kɛ̄lɛ̄
500	Jenaama	495	fight (n)	lutte, bagarre	bōōlī	bōōlī
498	Jenaama	493	fighting poverty	la lutte contre la pauvreté	mìskììnà-mà-kɛ̄lɛ̄	mìskììnà-mà-kɛ̄lɛ̄
208	Jenaama	208	filth, dirt, dirtiness	saleté	pìyⁿɛ̀ (1)	pìyⁿɛ̀
532	Jenaama	527	finger	doigt	sùgū-kɔ̀ɔ̀njɛ́wⁿ	sùgū-kɔ̀ɔ̀njɛ́wⁿ
392	Jenaama	392	fire	feu	tɔ̄	tɔ̄
20	Jenaama	20	firewood	bois de chauffage	súbā	súbā
176	Jenaama	176	fish	poisson	yɔ̄gɔ̄	yɔ̄gɔ̄
177	Jenaama	177	fish	poisson	yūwɔ̄	yūwɔ̄
353	Jenaama	353	fishhook	hameçon	jáⁿ	jáⁿ
449	Jenaama	448	five francs CFA (smallest coin)	cinq francs CFA (la plus petite monnaie)	dārī ŋ̄ kēẁⁿ	dārī
450	Jenaama	448	five francs CFA (smallest coin)	cinq francs CFA (la plus petite monnaie)	dārī ŋ̄ kēẁⁿ	ŋ̄
451	Jenaama	448	five francs CFA (smallest coin)	cinq francs CFA (la plus petite monnaie)	dārī ŋ̄ kēẁⁿ	kēẁⁿ
452	Jenaama	449	five francs CFA (smallest coin)	cinq francs CFA (la plus petite monnaie)	dàsíŋkēwⁿ	dàsíŋkēwⁿ
196	Jenaama	196	flank, side at ribs (body)	flanc (du corps)	kùwōⁿ	kùwōⁿ
301	Jenaama	301	flint lighter	briquet à silex	kèba᷆	kèba᷆
115	Jenaama	115	flower	fleur	pùgè	pùgè
388	Jenaama	388	fly (n)	mouche	sūⁿ	sūⁿ
668	Jenaama	660	fly away	s'envoler	pīīrī	pīīrī
669	Jenaama	661	follow, go/come after (sb, sth)	suivre, succéder à (qch, qn)	bāà kūmbày	bāà
670	Jenaama	661	follow, go/come after (sb, sth)	suivre, succéder à (qch, qn)	bāà kūmbày	kūmbày
71	Jenaama	71	fonio (grain)	fonio (céréale)	pùwⁿɔ́	pùwⁿɔ́
350	Jenaama	350	fontanel (top of young child’s head)	fontanel	ɲɛ̌ŋkūlù	ɲɛ̌ŋkūlù
286	Jenaama	286	food	nourriture	dīgɛ̄pùwɔ̀	dīgɛ̄pùwɔ̀
287	Jenaama	287	food	nourriture	jīyɛ̄pùwɔ̀	jīyɛ̄pùwɔ̀
124	Jenaama	124	foot, leg	pied, jambe	tàbà	tàbà
295	Jenaama	295	forehead	front	tègèncíⁿ	tègèncíⁿ
614	Jenaama	606	foreign (person)	étrange (personne)	sūmūŋ	sūmūŋ
530	Jenaama	524	forest	forêt	sɔ̀ŋɔ̀nbùròⁿ	sɔ̀ŋɔ̀nbùròⁿ
671	Jenaama	662	forget	oublier	nùmàsāⁿ	nùmàsāⁿ
464	Jenaama	461	forked stick	bois fourchu	jāŋān-tàbà (1)	jāŋān-tàbà
475	Jenaama	472	forked stick	bois fourchu	kēlēⁿ-kālāⁿ	kēlēⁿ-kālāⁿ
85	Jenaama	85	formal sit-down meeting	réunion formelle	bàrù	bàrù
347	Jenaama	347	fortune-teller	prévoyant, charlatan	tɔ̀ŋgɛ̀yà	tɔ̀ŋgɛ̀yà
319	Jenaama	319	foundation (of house)	soubassement (de maison)	pìŋgí	pìŋgí
463	Jenaama	460	freeborn person, noble (not slave or of caste)	personne noble (ni esclave ni de caste)	hɔ̄ɔ̄rɔ̄wⁿ	hɔ̄ɔ̄rɔ̄wⁿ
621	Jenaama	613	fresh (milk)	frais (lait)	mūwā-nā (2)	mūwā-nā
304	Jenaama	304	friend	ami	kànà	kànà
117	Jenaama	117	frog or toad	grenouille ou crapaud	sàlò	sàlò
41	Jenaama	41	froth, foam	mousse, écume	púlā	púlā
590	Jenaama	582	full	plein	pān-nā (1)	pān-nā
581	Jenaama	573	full-strength, undiluted (milk)	concentré, non dilué (lait)	kūrūɥ-nà	kūrūɥ-nà
259	Jenaama	259	fun, amusement	amusement	mānāmì (1)	mānāmì
162	Jenaama	162	gazelle	biche, gazelle	sānā	sānā
125	Jenaama	125	gear, baggage	bagage, matériel	tègè	tègè
126	Jenaama	126	gear, baggage	bagage, matériel	tìgè	tìgè
442	Jenaama	441	gecko lizard	gecko, salamandre	àlà-kɔ̀ndì	àlà-kɔ̀ndì
672	Jenaama	663	get old	vieillir	kāmnāāmā	kāmnāāmā
673	Jenaama	664	get old	vieillir	sīlē	sīlē
674	Jenaama	665	get tired	se fatiguer	bàndà	bàndà
675	Jenaama	666	get up	se lever	kì	kì
676	Jenaama	667	get, find	obtenir, gagner	ā-kìlɛ̀	ā-kìlɛ̀
471	Jenaama	468	giant millipede	mille-pattes géant	kàlàmàntùŋɔ́	kàlàmàntùŋɔ́
414	Jenaama	413	giant pouched rat (Cricetomys)	rat géant (Cricetomys)	gùùsūⁿ	gùùsūⁿ
416	Jenaama	415	giant pouched rat (Cricetomys)	rat géant (Cricetomys)	wùùjūⁿ	wùùjūⁿ
269	Jenaama	269	ginger	gingembre	ɲāmāⁿ-kūù	ɲāmāⁿ-kūù
677	Jenaama	668	give	donner	à-dō	à-dō
678	Jenaama	669	give birth; (plant) bear (fruit)	accoucher; (plante) donner (fruit)	yɛ̀gɛ̀	yɛ̀gɛ̀
679	Jenaama	670	go	aller	sò	sò
680	Jenaama	671	go back	retourner	mbēwⁿ	mbēwⁿ
681	Jenaama	672	go down	descendre	yàwⁿ	yàwⁿ
682	Jenaama	673	go in	entrer	dūwɔ̄	dūwɔ̄
683	Jenaama	674	go out	sortir	bā	bā
684	Jenaama	675	go up	monter	tāwⁿ	tāwⁿ
167	Jenaama	167	goat	chèvre	sūgō	sūgō
168	Jenaama	168	goat	chèvre	sūwō	sūwō
153	Jenaama	153	gold	or	kānū (2)	kānū
610	Jenaama	602	good	bon	māɲɔ̄wⁿ	māɲɔ̄wⁿ
380	Jenaama	380	grain, seed	graine	pīⁿ	pīⁿ
132	Jenaama	132	granary	grenier	tùbà	tùbà
447	Jenaama	446	grandfather	grand-père	cìyè-kɛ̄ɛ̄gū	cìyè-kɛ̄ɛ̄gū
546	Jenaama	539	grandfather	grand-père	tìgè-kɛ́ɛ́gū	tìgè-kɛ́ɛ́gū
539	Jenaama	532	grandmother	grand-mère	tàà-jūgōⁿ	tàà-jūgōⁿ
120	Jenaama	120	grass, herbaceous plants	herbe	sɔ̀gù	sɔ̀gù
314	Jenaama	314	grasshopper	sauterelle, criquet	jàmbóⁿ	jàmbóⁿ
685	Jenaama	676	greet	saluer	bòy	bòy
413	Jenaama	412	ground millet	mil écrasé	pííⁿ-dū	pííⁿ-dū
364	Jenaama	364	ground squirrel	écureuil terrestre	ʃɛ̀ⁿ	ʃɛ̀ⁿ
558	Jenaama	551	groundnut (Vigna subterranea)	pois de terre (Vigna subterranea)	wōō-lɛ̄wⁿ	wōō-lɛ̄wⁿ
136	Jenaama	136	guinea-fowl	pintade	yàbà	yàbà
526	Jenaama	520	gutterspout on roof	gouttière sur le toit	sɔ̄gɔ̀lɔ̄wⁿ	sɔ̄gɔ̀lɔ̄wⁿ
390	Jenaama	390	hair	cheveux	tī	tī
38	Jenaama	38	half	moitié	pɛ́rɛ̄	pɛ́rɛ̄
61	Jenaama	61	hand	main	sūgū	sūgū
58	Jenaama	58	handle (e.g. of ax or knife)	manche (de hache, de couteau etc.)	túwɔ̄ (2)	túwɔ̄
579	Jenaama	571	hard, solid	dur, solide	wúwò-nà (2)	wúwò-nà
321	Jenaama	321	hare	lièvre	wàŋgé	wàŋgé
345	Jenaama	345	hat	chapeau	bambàlà	bambàlà
206	Jenaama	206	head	tête	ŋìyɛ̀wⁿ (1)	ŋìyɛ̀wⁿ
504	Jenaama	499	head of household	chef de famille	ɲàmāātù	ɲàmāātù
225	Jenaama	225	hearth (three stones on which pot is set to cook)	foyer (trois pierres sur lesquelles on pose la marmite)	tímɔ́gɔ̄	tímɔ́gɔ̄
219	Jenaama	219	heat	chaleur	pīyⁿāwⁿ	pīyⁿāwⁿ
616	Jenaama	608	heavy	lourd	tīyɔ̄ⁿ	tīyɔ̄ⁿ
281	Jenaama	281	hen	poule	sàbà-yūgō	sàbà-yūgō
686	Jenaama	677	hide oneself	se cacher	yèŋ kā	yèŋ
687	Jenaama	677	hide oneself	se cacher	yèŋ kā	kā
306	Jenaama	306	hip	hanche	kūla᷆ⁿ	kūla᷆ⁿ
43	Jenaama	43	hole, pit	trou, fossé	púwē	púwē
78	Jenaama	78	holy man, marabout	marabout	mɔ̄lì	mɔ̄lì
363	Jenaama	363	honey	miel	sàⁿ	sàⁿ
146	Jenaama	146	horn (of animal)	corne	būwōⁿ	būwōⁿ
73	Jenaama	73	horse	cheval	sìyé	sìyé
74	Jenaama	74	horse	cheval	sìyóⁿ	sìyóⁿ
586	Jenaama	578	hot	chaud	pīyⁿɛ̄-nà	pīyⁿɛ̄-nà
439	Jenaama	438	hot coal, ember	braise	tɔ̄ɔ̄-kòòmbò	tɔ̄ɔ̄-kòòmbò
106	Jenaama	106	hot season (April-May)	saison chaude (avril-mai)	kùwⁿɔ̀	kùwⁿɔ̀
453	Jenaama	450	hourglass-shaped tomtom	tamtam en forme de sablier	dòndōⁿ	dòndōⁿ
303	Jenaama	303	house	maison	ɲàma᷆	ɲàma᷆
313	Jenaama	313	house	maison	yàmba᷆	yàmba᷆
644	Jenaama	636	hundred	cent	tɛ̄ɛ̄mdɛ̄rɛ̀	tɛ̄ɛ̄mdɛ̄rɛ̀
214	Jenaama	214	hunger	faim	dūwōⁿ	dūwōⁿ
331	Jenaama	331	hunter	chasseur	dòⁿsò	dòⁿsò
35	Jenaama	35	husband	mari	kúwⁿɔ̄ (2)	kúwⁿɔ̄
316	Jenaama	316	hyena	hyène	kàŋgé	kàŋgé
95	Jenaama	95	indigo	indigo	gàlà	gàlà
155	Jenaama	155	inheritance	héritage	kīyⁿɛ̄	kīyⁿɛ̄
339	Jenaama	339	insect (various)	insecte (plusieurs)	kùmbùrù	kùmbùrù
150	Jenaama	150	insectivorous bat	chauve-souris insectivore	gə̄lə̄	gə̄lə̄
10	Jenaama	10	intelligence	intelligence	tòy	tòy
302	Jenaama	302	interior, inside(s)	intérieur	nìŋi᷆	nìŋi᷆
114	Jenaama	114	intestines	intestin	pɔ̀lɔ̀	pɔ̀lɔ̀
5	Jenaama	5	iron, metal	fer, métal	mɛ̀wⁿ	mɛ̀wⁿ
140	Jenaama	140	jail	prison, cachot	kāsò	kāsò
189	Jenaama	189	joint (of bones)	articulation (des os)	wáɲɔ̄wⁿ (1)	wáɲɔ̄wⁿ
173	Jenaama	173	jujube (tree and fruit)	jujube (arbre et fruit)	tōmōⁿ	tōmōⁿ
688	Jenaama	678	jump	sauter	à-tēwⁿ	à-tēwⁿ
406	Jenaama	405	kapok (tinder for flint lighter)	kapok (amadou pour le briquet)	páárā	páárā
689	Jenaama	679	kill	tuer	ā-wàgà	ā-wàgà
410	Jenaama	409	kind	sorte	síí-mā	síí-mā
344	Jenaama	344	kneading stick	bâton à malaxer	dèŋgēlē	dèŋgēlē
67	Jenaama	67	knee	genou	kɔ̀bɔ́	kɔ̀bɔ́
358	Jenaama	358	knife	couteau	dɔ̀	dɔ̀
690	Jenaama	680	know	savoir	gāàtò	gāàtò
248	Jenaama	248	ladder	échelle	tìmɔ̄gɔ̄	tìmɔ̄gɔ̄
444	Jenaama	443	ladle (made from small necked calabash)	louche (d'une petite calebasse à cou)	bàràkāndīyāwⁿ	bàràkāndīyāwⁿ
102	Jenaama	102	large bird spp.	grands oiseaux spp.	kɔ̀nù	kɔ̀nù
70	Jenaama	70	large heap of harvested millet spikes near the field	gros tas d'épis de mil près du champ	mùɲú	mùɲú
691	Jenaama	681	laugh	rire	sà	sà
514	Jenaama	509	laughing dove	tourterelle maillée	pùlèŋkūwōⁿ	pùlèŋkūwōⁿ
149	Jenaama	149	leaf	feuille (de plante)	dūwɔ̄	dūwɔ̄
567	Jenaama	559	lean, emaciated (animal)	maigre (animal)	míyⁿɛ̀-gù (2)	míyⁿɛ̀-gù
240	Jenaama	240	leatherworker (caste)	cordonnier (caste)	tùlūyà	tùlūyà
692	Jenaama	682	leave, abandon	abandonner	ā-bày	ā-bày
236	Jenaama	236	leopard	léopard, panthère	ʃèbúwɔ́	ʃèbúwɔ́
272	Jenaama	272	leopard	léopard, panthère	kúmáyārā	kúmáyārā
693	Jenaama	683	lie down	se coucher	sāgā	sāgā
421	Jenaama	420	lie, falsehood	mensonge	kààmà	kààmà
496	Jenaama	491	lighning	éclair	kwààⁿ-ɲɔ̄ŋɔ̄mɛ̄	kwààⁿ-ɲɔ̄ŋɔ̄mɛ̄
495	Jenaama	490	lightning jolt	foudre d'éclair	kwàāⁿ-kàràbī	kwàāⁿ-kàràbī
569	Jenaama	561	lightweight	léger	pélú-gù (1)	pélú-gù
266	Jenaama	266	lion	lion	wārābà	wārābà
529	Jenaama	523	lion	lion	sɔ̀ŋgɔ̀ⁿ-kúŋgólō	sɔ̀ŋgɔ̀ⁿ-kúŋgólō
57	Jenaama	57	liver and heart	foie et cœur	túwɔ̄ (1)	túwɔ̄
574	Jenaama	566	living, alive	vivant, en vie	bílá-nà	bílá-nà
172	Jenaama	172	load (n), burden	charge, fardeau	tīyɔ̄ⁿ	tīyɔ̄ⁿ
606	Jenaama	598	long	long	kɔ̄yāⁿ (1)	kɔ̄yāⁿ
694	Jenaama	684	look at	regarder	ā-tɔ̀ŋɔ̀	ā-tɔ̀ŋɔ̀
695	Jenaama	685	look for (sth, sb)	chercher (qn, qch)	ā-mà	ā-mà
121	Jenaama	121	louse	pou	sɔ̀mɔ̀	sɔ̀mɔ̀
158	Jenaama	158	louse	pou	mīyɛ̄ⁿ	mīyɛ̄ⁿ
328	Jenaama	328	lower jaw	mâchoire inférieure	dèŋgè	dèŋgè
497	Jenaama	492	lower lip	lèvre inférieure	lɔ̄gū-pɛ̀lɛ̄wⁿ	lɔ̄gū-pɛ̀lɛ̄wⁿ
156	Jenaama	156	lungfish	protoptère, dipneuste (poisson)	kɔ̄nɔ̄	kɔ̄nɔ̄
230	Jenaama	230	macari (spice)	macari (épice)	mākàrí	mākàrí
45	Jenaama	45	maize grains	graines de maïs	síyɛ̄ⁿ	síyɛ̄ⁿ
333	Jenaama	333	maize, corn	maïs	kèndè	kèndè
445	Jenaama	444	male agemate	camarade d'âge mâle	bùwɔ̀-kɛ̄ɛ̄gū	bùwɔ̀-kɛ̄ɛ̄gū
348	Jenaama	348	malevolent object sent by a sorceror to cause a wound in sb	objet maléfique envoyé par un sorcier afin de faire mal à qn	bōŋgū-sɔ̄ⁿ	bōŋgū-sɔ̄ⁿ
425	Jenaama	424	man	homme	kɛ̄ɛ̄gū	kɛ̄ɛ̄gū
441	Jenaama	440	mango	mangue	māāŋgòrō	māāŋgòrō
399	Jenaama	399	manner, way	manière, façon	bāànā	bāànā
250	Jenaama	250	manure (used as fertilizer)	fumier	bìrìgì	bìrìgì
163	Jenaama	163	market	marché	sībɛ̄ⁿ	sībɛ̄ⁿ
98	Jenaama	98	marriage ceremony	fête de mariage	kèbà	kèbà
329	Jenaama	329	marrow	moelle	dòndì (1)	dòndì
365	Jenaama	365	mat	natte	tàⁿ	tàⁿ
4	Jenaama	4	meal	repas	kùw	kùw
305	Jenaama	305	meaning	signification, sens	kɔ́rɔ̀	kɔ́rɔ̀
389	Jenaama	389	meat	viande	tē	tē
391	Jenaama	391	meat	viande	tō	tō
151	Jenaama	151	medication	médicament	jūgū	jūgū
87	Jenaama	87	melon (e.g. watermelon, cucumber)	melon (pastèque, concombre, etc.)	bògò	bògò
209	Jenaama	209	menstruation	menstruation, règles de femme	pìyⁿɛ̀ (2)	pìyⁿɛ̀
374	Jenaama	374	menstruation	menstruation, règles de femme	kō (2)	kō
474	Jenaama	471	message; errand	message; commission	kàynàⁿ-dīyāⁿ	kàynàⁿ-dīyāⁿ
147	Jenaama	147	messenger	porteur de message	dīyāⁿ	dīyāⁿ
144	Jenaama	144	middle	milieu	bōgū (1)	bōgū
49	Jenaama	49	milk	lait	súwɔ̄	súwɔ̄
165	Jenaama	165	milk	lait	sɔ̄gɔ̄	sɔ̄gɔ̄
381	Jenaama	381	millet	mil	pīⁿ	pīⁿ
242	Jenaama	242	millet cakes	tô, pâte de mil	nàmú-kū	nàmú-kū
512	Jenaama	507	millet grain spike	épi de mil	pīīⁿ-bòndò	pīīⁿ-bòndò
94	Jenaama	94	millet or sorghum beer	bière de mil ou de sorgho	dɔ̀lɔ̀	dɔ̀lɔ̀
645	Jenaama	637	million	million	mīlyōⁿ	mīlyōⁿ
462	Jenaama	459	mind, consciousness, attention	esprit, attention, conscience	hāgīlēwⁿ	hāgīlēwⁿ
197	Jenaama	197	mint	menthe	nànāỳ	nànāỳ
455	Jenaama	452	mirror	miroir	dūbālɛ̄wⁿ	dūbālɛ̄wⁿ
356	Jenaama	356	modern saw	scie moderne	sīì	sīì
188	Jenaama	188	money	argent	wálɛ̄wⁿ	wálɛ̄wⁿ
12	Jenaama	12	moon; month	lune; mois	kēw	kēw
373	Jenaama	373	moon; month	lune; mois	kō (1)	kō
531	Jenaama	525	morning	matin	súbááⁿ-sōŋ	súbááⁿ-sōŋ
23	Jenaama	23	mortar	mortier	búwōⁿ	búwōⁿ
235	Jenaama	235	mosque	mosquée	mìsírí	mìsírí
311	Jenaama	311	mosquito	moustique	símbō	símbō
430	Jenaama	429	mosquito net	moustiquaire	sāāpūwɔ̄	sāāpūwɔ̄
6	Jenaama	6	mother	mère	nàwⁿ	nàwⁿ
204	Jenaama	204	mound (in field, or built by insects)	monticule (au champ, ou construit par des insectes)	kə̀ɥə̀m	kə̀ɥə̀m
160	Jenaama	160	mouse	souris	ɲīnā	ɲīnā
157	Jenaama	157	mouth; edge	bouche; bord	lɔ̄gū	lɔ̄gū
62	Jenaama	62	mud brick	brique en banco	bɛ̀bɛ́	bɛ̀bɛ́
174	Jenaama	174	mud mix (for walls)	banco (pour les murs)	tūwɔ̄	tūwɔ̄
185	Jenaama	185	name	nom	tíbɛ̄wⁿ	tíbɛ̄wⁿ
332	Jenaama	332	nape	nuque	kàmbà	kàmbà
585	Jenaama	577	narrow (passage), tight (garment, knot)	serré (vêtement, nœud)	bíllà-nà	bíllà-nà
612	Jenaama	604	nasty	méchant	ɲɔ̄ŋɔ̄ (2)	ɲɔ̄ŋɔ̄
15	Jenaama	15	natural catastrophe (e.g. flood, locusts)	catastrophe naturelle (innondation, criquets, etc.)	māynī	māynī
200	Jenaama	200	navel	nombril	pùlēwⁿ (2)	pùlēwⁿ
571	Jenaama	563	nearby, close by	proche	tūɥ̄-gù (1)	tūɥ̄-gù
325	Jenaama	325	neck	cou	bòndò	bòndò
82	Jenaama	82	neckless gourd (for water)	gourde sans cou (pour l'eau)	bàlà	bàlà
386	Jenaama	386	needle	aiguille	sɔ̄ⁿ (2)	sɔ̄ⁿ
540	Jenaama	533	neighbor	voisin	tààmùndìyàwⁿ	tààmùndìyàwⁿ
56	Jenaama	56	neighborhood, section of a village or city	quartier d'un village ou d'une ville	túlū	túlū
618	Jenaama	610	new	nouveau	tōē	tōē
437	Jenaama	436	night	nuit	wùùtīnā	wùùtīnā
190	Jenaama	190	node of grass stem	nœud de tige de poacée	wáɲɔ̄wⁿ (2)	wáɲɔ̄wⁿ
436	Jenaama	435	noise	bruit	bààdēgē	bààdēgē
263	Jenaama	263	nose	nez	ɲīmīnà	ɲīmīnà
376	Jenaama	376	nose	nez	mū	mū
503	Jenaama	498	néré tree (Parkia)	néré (arbre, Parkia)	nàndùⁿ	nàndùⁿ
432	Jenaama	431	obligation, duty, necessity	obligation	wààjībī	wààjībī
52	Jenaama	52	odor, smell (n)	odeur	tímī	tímī
170	Jenaama	170	oil, butter	huile, beurre	tīyɛ̄ (1)	tīyɛ̄
394	Jenaama	394	okra	gombo	wāⁿ	wāⁿ
580	Jenaama	572	old (person)	vieux (personne)	kām-nā	kām-nā
595	Jenaama	587	old (thing), elderly (person)	vieux (objet), âgé (personne)	sílē	sílē
480	Jenaama	477	old man	vieil homme	kɛ̀ɛ̀gù sílē	kɛ̀ɛ̀gù
481	Jenaama	477	old man	vieil homme	kɛ̀ɛ̀gù sílē	sílē
563	Jenaama	556	old woman	vieille femme	yùgòⁿ sílē	yùgòⁿ
564	Jenaama	556	old woman	vieille femme	yùgòⁿ sílē	sílē
559	Jenaama	552	onion	oignon	yàbàlɛ̄wⁿ	yàbàlɛ̄wⁿ
433	Jenaama	432	onion sauce	sauce oignon	mààpɛ́-jī	mààpɛ́-jī
696	Jenaama	686	open (door)	ouvrir (porte)	ā-ɥɛ̀	ā-ɥɛ̀
615	Jenaama	607	other	autre	tīnā	tīnā
278	Jenaama	278	owl	hibou	kɔ̀nùɲɔ̄ŋɔ̄	kɔ̀nùɲɔ̄ŋɔ̄
133	Jenaama	133	owner	propriétaire	tùgù	tùgù
265	Jenaama	265	pair of twins	jumeaux	sūwāyè	sūwāyè
542	Jenaama	535	pants, shorts, any leggings	pantalon, short, caleçon	tàbà-nāwⁿ	tàbà-nāwⁿ
697	Jenaama	687	pass	passer	kīyɛ̄	kīyɛ̄
494	Jenaama	489	patas monkey	singe patas	kùwɔ̀-tɔ̄mɔ̄wⁿ	kùwɔ̀-tɔ̄mɔ̄wⁿ
501	Jenaama	496	pauper	un pauvre	mìskīīnī	mìskīīnī
427	Jenaama	426	peanut	arachide	máátígɛ̄	máátígɛ̄
90	Jenaama	90	peer, (same) generation	camarade, (même) génération	bùwɔ̀	bùwɔ̀
552	Jenaama	545	penis	sexe de l'homme	tùwɔ̀-lɛ̄wⁿ	tùwɔ̀-lɛ̄wⁿ
479	Jenaama	476	penis (euphemism)	sexe de l'homme (euphémisme)	kɛ̄ɛ̄gāāmà	kɛ̄ɛ̄gāāmà
159	Jenaama	159	person	personne	ɲīmī	ɲīmī
84	Jenaama	84	pestle	pilon	bànù	bànù
338	Jenaama	338	pestle	pilon	bànjēwⁿ	bànjēwⁿ
698	Jenaama	688	pick up, take	prendre	à-dēgē	à-dēgē
75	Jenaama	75	pick-hoe	pioche	sɔ̀mɔ́	sɔ̀mɔ́
182	Jenaama	182	piece (of sth)	morceau (de qch)	pɔ́lɛ̄wⁿ	pɔ́lɛ̄wⁿ
469	Jenaama	466	pied crow	corbeau pie	kààⁿ-kūwɔ̄ⁿ	kààⁿ-kūwɔ̄ⁿ
282	Jenaama	282	pig or warthog	cochon ou phacochère	sìbòɲɔ̄ŋɔ̄	sìbòɲɔ̄ŋɔ̄
239	Jenaama	239	pigeon	pigeon	tùjūnù	tùjūnù
468	Jenaama	465	pistol, revolver	arme, pistolet	kāābūūsì	kāābūūsì
141	Jenaama	141	pity [n]	pitié	ɲīyɛ̀	ɲīyɛ̀
215	Jenaama	215	place	lieu	gə̄(y)ə̄wⁿ	gə̄ə̄wⁿ
37	Jenaama	37	plot of land	terrain	párā	párā
591	Jenaama	583	plump, fatty (animal, meat)	gras (animal, viande)	pān-nā (2)	pān-nā
26	Jenaama	26	pocket	poche	jíbā	jíbā
385	Jenaama	385	point (awl)	pointe, alêne	sɔ̄ⁿ (1)	sɔ̄ⁿ
92	Jenaama	92	pond	mare	dèbò	dèbò
461	Jenaama	458	porcupine	porc-épic	gùrū-gùsūⁿ	gùrū-gùsūⁿ
86	Jenaama	86	porridge	bouillie	bɛ̀lɛ̀	bɛ̀lɛ̀
549	Jenaama	542	pottery shard (for carrying hot coals)	morceau de canari (sert à transporter les braises)	tɔ̄ɔ̄-dēmɛ̄wⁿ	tɔ̄ɔ̄-dēmɛ̄wⁿ
699	Jenaama	689	pound in mortar	piler dans un mortier	à-sɛ̄gɛ̀	à-sɛ̄gɛ̀
700	Jenaama	690	pour (sth) out	verser, jeter en versant	ā-pì	ā-pì
369	Jenaama	369	powder, flour	poudre, farine	dū	dū
310	Jenaama	310	power, force, strength	force	sɛ́mbɛ̄	sɛ́mbɛ̄
142	Jenaama	142	prayer; holy day	prière; fête religieuse	sēlì	sēlì
335	Jenaama	335	price	prix	sɔ̀ŋgɔ̀	sɔ̀ŋgɔ̀
701	Jenaama	691	pull	tirer (sur)	ā-sèy	ā-sèy
702	Jenaama	692	push	pousser	à-cɔ̄bì	à-cɔ̄bì
703	Jenaama	693	put (pot) up on fire	poser (marmite) sur le feu	ā-yàgà	ā-yàgà
704	Jenaama	694	put down	déposer	ā-yàgà	ā-yàgà
1	Jenaama	1	rain	pluie	kwàⁿ	kwàⁿ
705	Jenaama	695	rain fall	pluie tomber, pleuvoir	sɔ̀ⁿ	sɔ̀ⁿ
517	Jenaama	512	rainbow	arc-en-ciel	sāmbōmpā	sāmbōmpā
418	Jenaama	417	rainy season	hivernage, saison pluvieuse	kāāgà	kāāgà
298	Jenaama	298	razor (folding knife)	rasoir	sìrìmbè	sìrìmbè
97	Jenaama	97	reason, cause	cause, raison	kàmà	kàmà
252	Jenaama	252	reason, cause	cause, raison	kàmàrì	kàmàrì
617	Jenaama	609	red, brown	rouge, brun	tōmōⁿ	tōmōⁿ
706	Jenaama	696	remove, take out	enlever	à-bāgā	à-bāgā
707	Jenaama	697	reply	répondre	à-jāābì	à-jāābì
148	Jenaama	148	rice	riz	dūgā	dūgā
268	Jenaama	268	rice grain	grain(s) de riz	dūgā-pìⁿ	dūgā-pìⁿ
470	Jenaama	467	rich person	richard	kàànàŋkè	kàànàŋkè
502	Jenaama	497	rich person	richard	nàfòlò-tūgū	nàfòlò-tūgū
246	Jenaama	246	rifle, musket	fusil, mousquet	màlīfā	màlīfā
454	Jenaama	451	ring	bague, anneau	dɔ̀lūmbē	dɔ̀lūmbē
708	Jenaama	698	rip, tear	déchirer	à-pīyɛ̀rɛ̀	à-pīyɛ̀rɛ̀
622	Jenaama	614	ripe (grain, fruit); cooked, done (meat)	(fruit) mûr; (viande) cuite	mūwā-nā (3)	mūwā-nā
244	Jenaama	244	river	rivière	pàgùnāⁿ	pàgùnāⁿ
9	Jenaama	9	road, path	chemin	sèwⁿ	sèwⁿ
127	Jenaama	127	rock python	python de Seba	tìmì	tìmì
164	Jenaama	164	rock, large stone	pierre	sīlē	sīlē
324	Jenaama	324	roof	toit	bɛ̀ndɛ̀	bɛ̀ndɛ̀
511	Jenaama	506	roofbeam	gros bois du toit	pàn-pán	pàn-pán
516	Jenaama	511	rooster	coq	sàbà-kɛ̄ɛ̄gū	sàbà-kɛ̄ɛ̄gū
379	Jenaama	379	root	racine	pā (2)	pā
111	Jenaama	111	rope	corde	nùmà	nùmà
294	Jenaama	294	rosary, prayer beads	chapelet	tɔ̀sìbí	tɔ̀sìbí
191	Jenaama	191	roselle	oseille, dah	wɔ́bēwⁿ	wɔ́bēwⁿ
577	Jenaama	569	rotten	pourri	píŋgí-nā	píŋgí-nā
367	Jenaama	367	rubber bag lowered into well to gather water	puisette qui descend dans le puits	sàⁿáⁿ	sàⁿáⁿ
709	Jenaama	699	ruin, damage (sth)	gâter	à-māyⁿ	à-māyⁿ
710	Jenaama	700	run	courir	kə̀	kə̀
396	Jenaama	396	sack	sac	sāākù	sāākù
459	Jenaama	456	sacred place (access forbidden by decision of people)	lieu sacré (accès interdit par décision des gens)	gə̀yə̀n-dāgānā	gə̀yə̀n-dāgānā
293	Jenaama	293	saddle (of horse or donkey)	selle (de cheval ou d'âne)	kìrìke᷆	kìrìke᷆
108	Jenaama	108	salt	sel	kùwɔ̀	kùwɔ̀
122	Jenaama	122	sand	sable	sɔ̀ⁿ-sɔ̀ⁿ	sɔ̀ⁿ-sɔ̀ⁿ
60	Jenaama	60	scales (of fish)	écailles (de poisson)	wógō (2)	wógō
397	Jenaama	397	scissors	ciseaux	síísò	síísò
337	Jenaama	337	scorpion	scorpion	nāndō	nāndō
711	Jenaama	701	see	voir	ā-kày	ā-kày
712	Jenaama	702	sell	vendre	à-tōlō	à-tōlō
510	Jenaama	505	sesame	sésame	pàāmpùwōⁿ	pàāmpùwōⁿ
713	Jenaama	703	sew	coudre	à-dēbē	à-dēbē
51	Jenaama	51	shadow	ombre	tílā	tílā
619	Jenaama	611	sharp (blade)	tranchant	lɔ̄g-dēmō	lɔ̄g-dēmō
714	Jenaama	704	shave (sb’s head)	raser (la tête de qn)	à-bāwⁿ	à-bāwⁿ
36	Jenaama	36	sheath (of knife), covering	fourreau (de couteau), couverture	págā	págā
24	Jenaama	24	shed, stall, palaver shed	hangar	jáŋā	jáŋā
119	Jenaama	119	sheep	mouton	sɔ̀gɔ̀	sɔ̀gɔ̀
123	Jenaama	123	sheep	mouton	sùwɔ̀	sùwɔ̀
270	Jenaama	270	sheep	mouton	sɔ̀gɔ̀-lɛ̄wⁿ	sɔ̀gɔ̀-lɛ̄wⁿ
271	Jenaama	271	sheep	mouton	sùwɔ̀-lɛ̄wⁿ	sùwɔ̀-lɛ̄wⁿ
59	Jenaama	59	shell (of nut)	coque (de noix)	wógō (1)	wógō
77	Jenaama	77	shepherd	berger (de moutons)	kɔ̄ⁿ-yà	kɔ̄ⁿ-yà
251	Jenaama	251	shepherd	berger (de moutons)	bùwɔ̀yà	bùwɔ̀yà
217	Jenaama	217	shoes	chaussures	kābōⁿ	kābōⁿ
715	Jenaama	705	shoot	tirer (balle)	ā-sɛ̀y	ā-sɛ̀y
572	Jenaama	564	short	court	tūɥ̄-gù (2)	tūɥ̄-gù
608	Jenaama	600	short (rope, person)	court (corde, personne)	kūrū	kūrū
161	Jenaama	161	shoulder; wing	épaule; aile	pɛ̄bɛ̄	pɛ̄bɛ̄
175	Jenaama	175	shout (n)	cri	yōgō	yōgō
716	Jenaama	706	show	montrer	à-wājī	à-wājī
717	Jenaama	707	shut (door)	fermer (porte)	à-tɛ̄gɛ́	à-tɛ̄gɛ́
68	Jenaama	68	sickle	faucille	kɔ̀mɔ́	kɔ̀mɔ́
66	Jenaama	66	side of face (ear to chin)	flanc du visage (de l'oreille au menton)	kɛ̀sɛ́	kɛ̀sɛ́
315	Jenaama	315	side of face (ear to chin)	flanc du visage (de l'oreille au menton)	kàmbá	kàmbá
89	Jenaama	89	simple shoulderbag	gibecière simple	bùwà	bùwà
718	Jenaama	708	sing	chanter	sùwo᷆	sùwo᷆
719	Jenaama	709	sit	s'asseoir	kpɔ̀	kpɔ̀
205	Jenaama	205	skin	peau	kòlòⁿ	kòlòⁿ
241	Jenaama	241	sky	ciel	yògōbà	yògōbà
624	Jenaama	616	slackly tied (object); soft (tire)	lâchement attaché (objet); mou (pneu)	yɔ̄gɔ̄-yɔ̄gɔ̀-nà	yɔ̄gɔ̄-yɔ̄gɔ̀-nà
69	Jenaama	69	slave	esclave	kɔ̀ɲɔ́ⁿ	kɔ̀ɲɔ́ⁿ
720	Jenaama	710	sleep	dormir	kùmù	kùmù
105	Jenaama	105	sleep (n)	sommeil	kùmù	kùmù
274	Jenaama	274	slingshot	lance-pierres	pɔ́rípūwɔ̄	pɔ́rípūwɔ̄
587	Jenaama	579	slow	lent	tūūⁿ-wàà-nà	tūūⁿ-wàà-nà
592	Jenaama	584	small	petit	dɛ̄gɛ̄-náwⁿ	dɛ̄gɛ̄-náwⁿ
505	Jenaama	500	small millet or rice cake	galette de mil ou de riz	ɲɛ̄ɛ̀-hùⁿ	ɲɛ̄ɛ̀-hùⁿ
130	Jenaama	130	small mound of wet sand made by children to cover their foot	petit monticule de sable mouillé construit par les enfants pour couvrir leur pied	tɔ̀bɛ̀ (2)	tɔ̀bɛ̀
202	Jenaama	202	small necked gourd (for milk or porridge)	petite gourde à cou (pour le lait ou la bouillie)	tùmāwⁿ	tùmāwⁿ
537	Jenaama	530	small sheep (lamb or stunted)	petit mouton (agneau ou chétif)	sùwɔ̀-lɛ̄wⁿ	sùwɔ̀-lɛ̄wⁿ
195	Jenaama	195	small stone, pebble, gravel	petite pierre, caillou, gravier	kɔ̀yɔ̄wⁿ	kɔ̀yɔ̄wⁿ
53	Jenaama	53	smoke	fumée	tírī	tírī
575	Jenaama	567	smooth, sleek (surface)	lisse (surface)	dáátà-nà	dáátà-nà
118	Jenaama	118	snake (any)	serpent (tout)	sìbò	sìbò
525	Jenaama	519	snuff tobacco	tabac à priser	sīrāān-dūmà	sīrāān-dūmà
521	Jenaama	515	soap	savon	sàmùnāwⁿ	sàmùnāwⁿ
570	Jenaama	562	soft (skin, ripe mango)	mou (peau, mangue mûre)	pélú-gù (2)	pélú-gù
227	Jenaama	227	soluble ink (for koranic school)	encre soluble (pour l'école coranique)	dābā-jī	dābā-jī
238	Jenaama	238	song	chanson	sùwōgù	sùwōgù
289	Jenaama	289	sorceror	sorcier	dāgā-dāgà	dāgā-dāgà
448	Jenaama	447	sorghum	sorgho (plante)	dàràmàyīwⁿ	dàràmàyīwⁿ
583	Jenaama	575	sour (lemon); curdled (milk)	aigre (citron); (lait) caillé	tándà-nà	tándà-nà
721	Jenaama	711	sow (seeds)	semer (graines)	à-kī	à-kī
722	Jenaama	712	speak, talk	parler	dìgàmù	dìgàmù
275	Jenaama	275	spear	lance	gɛ̀jɛ́-kìyɛ̀	gɛ̀jɛ́-kìyɛ̀
387	Jenaama	387	spell (cast by a sorceror or holy man)	sort (jeté par un sorcier ou par un marabout)	sɔ̄ⁿ (3)	sɔ̄ⁿ
723	Jenaama	713	spit	cracher	à-tu᷆	à-tu᷆
229	Jenaama	229	spring (water source)	source (d'eau)	sīlē-jī	sīlē-jī
522	Jenaama	516	spring (water source)	source (d'eau)	sīlē-kūmā-jī	sīlē-kūmā-jī
267	Jenaama	267	square fan	éventail carré	yīrīpɔ̀	yīrīpɔ̀
187	Jenaama	187	star	étoile	tɔ́ɲɔ̄wⁿ	tɔ́ɲɔ̄wⁿ
724	Jenaama	714	stay	rester	kōndō	kōndō
257	Jenaama	257	stem	tige	dūwōgù	dūwōgù
100	Jenaama	100	stick	bâton	kìyɛ̀	kìyɛ̀
273	Jenaama	273	stirring-stick	bâton à remuer	pírí-pīrī	pírí-pīrī
104	Jenaama	104	stomach; rumen (of livestock animal)	estomac; gros estomac (de ruminant)	kùjù	kùjù
336	Jenaama	336	stool	escabeau	tìŋgè	tìŋgè
264	Jenaama	264	sugar	sucre	sūkɔ̄rɔ̀	sūkɔ̄rɔ̀
109	Jenaama	109	sugar cane	canne à sucre	mùlè	mùlè
488	Jenaama	484	sun	soleil	kùgù-lɛ̄wⁿ	kùgù-lɛ̄wⁿ
393	Jenaama	393	sweat (n)	sueur	wā	wā
725	Jenaama	715	sweep	balayer	à-kwɛ̄ⁿ	à-kwɛ̄ⁿ
458	Jenaama	455	taboo place (ruled by demons)	lieu interdit (par les diables)	gə̀yə̀n-bātūnā	gə̀yə̀n-bātūnā
39	Jenaama	39	tail	queue	píyɛ̄	píyɛ̄
300	Jenaama	300	tale, narrative	conte, récit	kàma᷆	kàma᷆
256	Jenaama	256	talk, words	parole	dīgɛ̄mù	dīgɛ̄mù
607	Jenaama	599	tall	haut de taille	kɔ̄yāⁿ (2)	kɔ̄yāⁿ
299	Jenaama	299	tamarind	tamarin	kārāndē	kārāndē
357	Jenaama	357	tea	thé	tēè	tēè
428	Jenaama	427	tea-kettle, teapot	théière	tēè-kɔ̀lù	tēè-kɔ̀lù
429	Jenaama	428	tea-making gear	matériel à thé	tēè-tìgè	tēè-tìgè
507	Jenaama	502	tears (n)	larmes	ɲɔ̄gɔ̄lɛ̄ⁿ-jī	ɲɔ̄gɔ̄lɛ̄ⁿ-jī
213	Jenaama	213	telephone	téléphone	būlēwⁿ (3)	būlēwⁿ
54	Jenaama	54	termitary, termite mound	termitière	tógō	tógō
473	Jenaama	470	termitary, termite mound	termitière	kāŋāⁿ-kə̀ɥə̀m	kāŋāⁿ-kə̀ɥə̀m
154	Jenaama	154	termite	termite	kāŋā	kāŋā
285	Jenaama	285	testicle	testicule	tùwɔ̄-kɔ̄lɔ̄ⁿ	tùwɔ̄-kɔ̄lɔ̄ⁿ
420	Jenaama	419	testicle	testicule	pòòlì	pòòlì
528	Jenaama	522	the bush	la brousse	sɔ̄ŋgɔ̄ỳ	sɔ̄ŋgɔ̄ỳ
593	Jenaama	585	thick (stick)	(bâton etc.) épais	bánū	bánū
30	Jenaama	30	thigh	cuisse	kə́gə̄	kə́gə̄
566	Jenaama	558	thin (stick)	(bâton etc.) mince	míyⁿɛ̀-gù (1)	míyⁿɛ̀-gù
382	Jenaama	382	thing	chose	pɔ̄	pɔ̄
726	Jenaama	716	think	penser, réfléchir	à-mīīlà	à-mīīlà
216	Jenaama	216	thirst	soif	gīlɛ̄wⁿ	gīlɛ̄wⁿ
383	Jenaama	383	thorn	épine	sā	sā
354	Jenaama	354	thorn-branch fence	clôture d'épineux	sáⁿ (1)	sáⁿ
646	Jenaama	638	thousand	mille	mùjù	mùjù
211	Jenaama	211	thread	fil (à coudre)	būlēwⁿ (1)	būlēwⁿ
472	Jenaama	469	throat (external)	gorge (extérieure)	kānā-kòlóⁿ	kānā-kòlóⁿ
81	Jenaama	81	throat (interior)	gorge (intérieure)	kānà	kānà
727	Jenaama	717	throw	jeter	ā-pì	ā-pì
349	Jenaama	349	tick	tique	sūmpōrō	sūmpōrō
728	Jenaama	718	tie	attacher	ā-sèy	ā-sèy
729	Jenaama	719	tilt (intr)	se pencher	kɛ̀ngɛ̄	kɛ̀ngɛ̄
226	Jenaama	226	time	temps, moment	wágátū	wágátū
412	Jenaama	411	time	temps, moment	wáátū	wáátū
201	Jenaama	201	time(s), instance(s)	fois	tàbāẁⁿ	tàbāẁⁿ
21	Jenaama	21	tobacco flower (smoked in pipe)	fleur de tabac (fumée dans une pipe)	tābà	tābà
524	Jenaama	518	tobacco leaf (dried as chewing tobacco)	feuille de tabac (séché pour chiquer)	síráán-dū	síráán-dū
523	Jenaama	517	tobacco plant	tabac (plante)	sírāⁿ	sírāⁿ
541	Jenaama	534	toe	orteil	tàbā-kɔ̀ɔ̀njɛ́wⁿ	tàbā-kɔ̀ɔ̀njɛ́wⁿ
7	Jenaama	7	tomtom	tamtam	pòwⁿ (1)	pòwⁿ
198	Jenaama	198	tongue	langue (corps)	ɲɛ̀lɛ̄wⁿ	ɲɛ̀lɛ̄wⁿ
377	Jenaama	377	tooth	dent	ɲī	ɲī
22	Jenaama	22	torch (for removing bees from apiary)	flambeau (sert à chasser les abeilles de la ruche)	bíláⁿ	bíláⁿ
515	Jenaama	510	tortoise	tortue	pùnàŋ-kɛ̀rɛ̀bɛ̄	pùnàŋ-kɛ̀rɛ̀bɛ̄
730	Jenaama	720	touch	toucher	kwālà bwɛ᷆	kwālà
731	Jenaama	720	touch	toucher	kwālà bwɛ᷆	bwɛ᷆
446	Jenaama	445	track (of snake or dragged item)	traces, piste (de serpent ou d'un objet traîné à terre)	bùy-būwɔ̄	bùy-būwɔ̄
543	Jenaama	536	tracks, trail (of feet or hoofs)	traces, piste (de pieds ou de sabots)	tàbàⁿ-būwɔ̄	tàbàⁿ-būwɔ̄
65	Jenaama	65	traditional saw for cutting calabash	scie traditionnelle à couper les calebasses	kàɲá	kàɲá
280	Jenaama	280	trash, garbage	ordures	ɲàmà-ɲāmā	ɲàmà-ɲāmā
254	Jenaama	254	tree (any)	arbre	jūgū-náⁿ	jūgū-náⁿ
93	Jenaama	93	tree resin, gum arabic	gomme d'arbre, gomme arabique	dèrì	dèrì
467	Jenaama	464	tree sap	sève d'arbre	jùgù-ɲɔ̄gɔ̄lɔ̄ⁿ-jī	jùgù-ɲɔ̄gɔ̄lɔ̄ⁿ-jī
404	Jenaama	403	trick, strategem, ruse	astuce, ruse, truc	híílā	híílā
487	Jenaama	483	trimming hatchet	petite hache à coiffer les petites branches	kɔ̀rɔ̄ɔ̄gɔ̄	kɔ̀rɔ̄ɔ̄gɔ̄
88	Jenaama	88	trouble (created by people)	mal (provoqué par des gens)	bɔ̀nɛ̀	bɔ̀nɛ̀
13	Jenaama	13	trouble (from outsiders)	mal (amené par des étrangers)	kùŋkù	kùŋkù
351	Jenaama	351	trunk (of tree)	tronc d'arbre	cíⁿ	cíⁿ
253	Jenaama	253	truth	vérité	tɔ̀ŋɔ̀nɔ̀	tɔ̀ŋɔ̀nɔ̀
129	Jenaama	129	turban	turban	tɔ̀bɛ̀ (1)	tɔ̀bɛ̀
28	Jenaama	28	tweezers (for removing splinters), tongs (of blacksmith)	pinces (pour enlever les échardes); pinces (du forgeron)	kámō	kámō
2	Jenaama	2	uncle (maternal)	oncle (maternel)	kèw	kèw
3	Jenaama	3	uncle (maternal)	oncle (maternel)	kə̀	kə̀
465	Jenaama	462	uncovered public sitting plaza	place publique non couverte pour s'asseoir	jāŋān-tàbà (2)	jāŋān-tàbà
732	Jenaama	721	understand	comprendre	ā-fàāmù	ā-fàāmù
604	Jenaama	596	unripe (fruit), raw (meat)	cru (non-mûr, non cuit)	kāā (2)	kāā
733	Jenaama	722	urinate	uriner	kɔ̀ndì sīyɛ̄	kɔ̀ndì
734	Jenaama	722	urinate	uriner	kɔ̀ndì sīyɛ̄	sīyɛ̄
334	Jenaama	334	urine	urine	kɔ̀njì	kɔ̀njì
116	Jenaama	116	vagina	vagin	pùwɔ̀	pùwɔ̀
112	Jenaama	112	valley between hills	vallée entre les collines	pàgù	pàgù
237	Jenaama	237	vehicle (four or more wheels), car, bus, truck	voiture (quatre roux), car, camion	mòbōlì	mòbōlì
378	Jenaama	378	vein	veine	pā (1)	pā
110	Jenaama	110	village	village	nɔ̀gù	nɔ̀gù
48	Jenaama	48	visitor, guest	étranger, invité	súmū	súmū
307	Jenaama	307	vulture	charognard	kɔ̀nààkūⁿ	kɔ̀nààkūⁿ
735	Jenaama	723	wait	attendre	ā kùlɛ̀wⁿ	ā
736	Jenaama	723	wait	attendre	ā kùlɛ̀wⁿ	kùlɛ̀wⁿ
31	Jenaama	31	wall	mur	kɛ́rɛ̄	kɛ́rɛ̄
737	Jenaama	724	want	vouloir	gāà pɔ̄gɔ̀	gāà
738	Jenaama	724	want	vouloir	gāà pɔ̄gɔ̀	pɔ̄gɔ̀
402	Jenaama	401	war	guerre	báásī	báásī
370	Jenaama	370	water	eau	jī	jī
192	Jenaama	192	water demon	djinn aquatique	jí-jēwⁿ	jí-jēwⁿ
101	Jenaama	101	waterjar	canari, jarre d'eau	kɔ̀lù	kɔ̀lù
47	Jenaama	47	waterskin	outre	súmā	súmā
555	Jenaama	548	wealth	richesse	wàlìntùgù	wàlìntùgù
739	Jenaama	725	weave	tisser	ā-kòy	ā-kòy
16	Jenaama	16	weaver (tradesman)	tisserand	kōy-yà	kōy-yà
228	Jenaama	228	week	semaine	sībē-nūⁿ	sībē-nūⁿ
740	Jenaama	726	weep, cry	pleurer	wō	wō
320	Jenaama	320	well (n)	puits	tèndé	tèndé
482	Jenaama	478	well-being	bonheur	kɛ́ɛ́rāwⁿ	kɛ́ɛ́rāwⁿ
603	Jenaama	595	wet	mouillé	kāā (1)	kāā
417	Jenaama	416	whip (n)	fouet	dōōrò	dōōrò
431	Jenaama	430	white person	(un) blanc, personne européenne	tùùⁿkūwō	tùùⁿkūwō
553	Jenaama	546	white person	(un) blanc, personne européenne	tūwɔ̄-lɛ̄wⁿ-kūwōⁿ	tūwɔ̄-lɛ̄wⁿ-kūwōⁿ
554	Jenaama	547	white person	(un) blanc, personne européenne	tūwɔ̄-lɛ̄wⁿ-tɔ̄mɔ̄	tūwɔ̄-lɛ̄wⁿ-tɔ̄mɔ̄
518	Jenaama	513	white soap (Bambara style, in large balls)	savon blanc (type bambara, en grandes boules)	kābākūrū	kābākūrū
609	Jenaama	601	white, light-colord	blanc, de couleur claire	kūwōŋ	kūwōŋ
598	Jenaama	590	wide (passage), spacious (area), broad; loose (oversized garment)	large, spacieux; (vêtement) extra large	būlēwⁿ	būlēwⁿ
8	Jenaama	8	wife	épouse	pòwⁿ (2)	pòwⁿ
355	Jenaama	355	wild grape (tree and fruit, Lannea microcarpa)	raisin sauvage (arbre et fruit, Lannea microcarpa)	sáⁿ (2)	sáⁿ
186	Jenaama	186	wind (n)	vent	tíyōwⁿ	tíyōwⁿ
218	Jenaama	218	wing	aile	kāmūⁿ	kāmūⁿ
741	Jenaama	727	winnow in wind	vanner au vent	à-pūwō	à-pūwō
212	Jenaama	212	wire	fil (éléctrique)	būlēwⁿ (2)	būlēwⁿ
137	Jenaama	137	woman	femme	yùgòⁿ	yùgòⁿ
424	Jenaama	423	woman's wrap (garment)	pagne de femme	tààpè	tààpè
291	Jenaama	291	wood bundle	fagot de bois	sūbā-tīyōⁿ	sūbā-tīyōⁿ
277	Jenaama	277	wooden eating bowl	écuelle en bois	kìyɛ̀-kūlā	kìyɛ̀-kūlā
11	Jenaama	11	work (n)	travail	kāyⁿ	kāyⁿ
19	Jenaama	19	world	monde	ndūɲā	ndūɲā
422	Jenaama	421	written koranic verses (for blessings)	verset coranique écrit (pour une bénédiction)	kɔ̀ɔ̀rɔ̀	kɔ̀ɔ̀rɔ̀
371	Jenaama	371	year	année	jīⁿ	jīⁿ
283	Jenaama	283	young man	jeune homme	tàbà-tūgū	tàbà-tūgū
513	Jenaama	508	young woman	jeune femme	pɔ̀ŋɔ̀náwⁿ	pɔ̀ŋɔ̀náwⁿ
457	Jenaama	454	younger brother	jeune frère, frère cadet	dùgòⁿ-kɛ̄ɛ̄gū	dùgòⁿ-kɛ̄ɛ̄gū
456	Jenaama	453	younger sister	sœur cadette, grande sœur	dùgòⁿ-yūgōⁿ	dùgòⁿ-yūgōⁿ
145	Jenaama	145	zaban (fruit)	zaban (fruit)	bōgū (2)	bōgū
